,professionCategories,languages,academicTitles,firstName,middleName,lastName,dateOfBirth,profession,specialization,background,person,parlGroup,position,note,_id,name,color,logo,leftRightPos,seatsWon
0,['икономист'],['английски'],[],Димитър,Ангелов,Иванов,1980-07-10T00:00:00.000Z,,икономика на търговията,,60d4cc58c4ced20a9c9dffe9,61aa179dd17ed11f18a07b0b,член,,61aa179dd17ed11f18a07b0b,ГЕРБ-СДС,#67a4d6,/logos/gerb-sds.jpg,1,59.0
1,['инженер'],"['английски', 'руски', 'румънски']",[],Емил,Ценов,Георгиев,1951-06-14T00:00:00.000Z,,,,60d4cc59c4ced20a9c9e008f,61aa179dd17ed11f18a07b0e,член,,61aa179dd17ed11f18a07b0e,БСП за България,#d8191f,/logos/bsp2021.png,3,26.0
2,['икономист'],"['английски', 'немски', 'руски', 'сръбски', 'френски']",[],Станислав,Димитров,Анастасов,1983-06-05T00:00:00.000Z,,"стопанско управление, политически мениджмънт",,60d4cc59c4ced20a9c9e00e1,61aa179dd17ed11f18a07b10,член,,61aa179dd17ed11f18a07b10,Движение за права и свободи,#884ac2,/logos/dps.png,2,34.0
3,"['икономист', 'преподавател']","['английски', 'руски']",[],Петър,Пандушев,Чобанов,1976-07-20T00:00:00.000Z,,макроикономика,,60d4cc59c4ced20a9c9e0127,61aa179dd17ed11f18a07b10,член,,61aa179dd17ed11f18a07b10,Движение за права и свободи,#884ac2,/logos/dps.png,2,34.0
4,['инженер'],"['английски', 'руски', 'турски']",[],Гюнай,Хюсмен,Хюсмен,1966-05-11T00:00:00.000Z,,агроинженерство,,60d4cc59c4ced20a9c9e0164,61aa179dd17ed11f18a07b0b,член,,61aa179dd17ed11f18a07b0b,ГЕРБ-СДС,#67a4d6,/logos/gerb-sds.jpg,1,59.0
5,['икономист'],"['английски', 'руски']",[],Настимир,Ананиев,Ананиев,1975-07-17T00:00:00.000Z,,,,60d4cc59c4ced20a9c9e018f,61aa179dd17ed11f18a07b0d,член,,61aa179dd17ed11f18a07b0d,Продължаваме промяната,#5dbf1d,/logos/produlzhavame-promianata.png,0,67.0
6,['икономист'],"['английски', 'немски']",[],Александър,Койчев,Иванов,1982-08-29T00:00:00.000Z,,,,60d4cc59c4ced20a9c9e01c2,61aa179dd17ed11f18a07b0b,член,,61aa179dd17ed11f18a07b0b,ГЕРБ-СДС,#67a4d6,/logos/gerb-sds.jpg,1,59.0
7,"['следовател', 'юрист']",['английски'],[],Делян,Славчев,Пеевски,1980-07-27T00:00:00.000Z,,,,60d4cc59c4ced20a9c9e0204,61aa179dd17ed11f18a07b10,член,,61aa179dd17ed11f18a07b10,Движение за права и свободи,#884ac2,/logos/dps.png,2,34.0
8,['икономист'],"['английски', 'немски']",[],Жечо,Дончев,Станков,1982-08-04T00:00:00.000Z,,,,60d4cc59c4ced20a9c9e020b,61aa179dd17ed11f18a07b0b,член,,61aa179dd17ed11f18a07b0b,ГЕРБ-СДС,#67a4d6,/logos/gerb-sds.jpg,1,59.0
9,['лекар'],"['английски', 'руски']",[],Красимир,Митков,Събев,1968-12-30T00:00:00.000Z,,,,60d4cc59c4ced20a9c9e029c,61aa179dd17ed11f18a07b0b,член,,61aa179dd17ed11f18a07b0b,ГЕРБ-СДС,#67a4d6,/logos/gerb-sds.jpg,1,59.0
10,"['икономист', 'историк', 'експерт по национална сигурност и отбрана']",['руски'],[],Атанас,Зафиров,Зафиров,1971-09-29T00:00:00.000Z,,,,60d4cc59c4ced20a9c9e02c5,61aa179dd17ed11f18a07b0e,зам.-председател на ПГ,,61aa179dd17ed11f18a07b0e,БСП за България,#d8191f,/logos/bsp2021.png,3,26.0
11,"['икономист', 'юрист']",['английски'],[],Десислава,Жекова,Танева,1972-06-09T00:00:00.000Z,,"аграрна икономика, право",,60d4cc59c4ced20a9c9e02c8,61aa179dd17ed11f18a07b0b,член,,61aa179dd17ed11f18a07b0b,ГЕРБ-СДС,#67a4d6,/logos/gerb-sds.jpg,1,59.0
12,['юрист'],"['английски', 'гръцки']",[],Мария,Щерева,Белова,1980-04-25T00:00:00.000Z,,право,,60d4cc59c4ced20a9c9e02c9,61aa179dd17ed11f18a07b0b,член,,61aa179dd17ed11f18a07b0b,ГЕРБ-СДС,#67a4d6,/logos/gerb-sds.jpg,1,59.0
13,['журналист'],"['английски', 'руски']",[],Александър,Тихомиров,Симов,1977-07-11T00:00:00.000Z,,,,60d4cc59c4ced20a9c9e02cb,61aa179dd17ed11f18a07b0e,член,,61aa179dd17ed11f18a07b0e,БСП за България,#d8191f,/logos/bsp2021.png,3,26.0
14,['икономист'],['руски'],[],Хайри,Реджебов,Садъков,1970-12-18T00:00:00.000Z,,кръгова икономика,,60d4cc59c4ced20a9c9e02cc,61aa179dd17ed11f18a07b10,член,,61aa179dd17ed11f18a07b10,Движение за права и свободи,#884ac2,/logos/dps.png,2,34.0
15,"['икономист', 'инженер']","['английски', 'руски']",[],Христо,Танчев,Проданов,1977-03-24T00:00:00.000Z,,,,60d4cc59c4ced20a9c9e02cf,61aa179dd17ed11f18a07b0e,зам.-председател на ПГ,,61aa179dd17ed11f18a07b0e,БСП за България,#d8191f,/logos/bsp2021.png,3,26.0
16,"['икономист', 'инженер', 'преподавател', 'предприемач']","['английски', 'немски', 'руски']",[],Благовест,Кирилов,Кирилов,1986-10-12T00:00:00.000Z,,"компютърни системи, стопанско управление, индустриален мениджмънт",,60d4cc59c4ced20a9c9e02d0,61aa179dd17ed11f18a07b0e,член,,61aa179dd17ed11f18a07b0e,БСП за България,#d8191f,/logos/bsp2021.png,3,26.0
17,['юрист'],"['английски', 'руски']",[],Атанас,Петров,Атанасов,1959-05-17T00:00:00.000Z,,,,60d4cc59c4ced20a9c9e02d1,61aa179dd17ed11f18a07b0c,член,,61aa179dd17ed11f18a07b0c,Демократична България,#27497d,/logos/demokratichna-bulgaria.png,-2,16.0
18,['инженер'],"['английски', 'френски', 'руски']",[],Петър,Ясенов,Маринов,1976-02-17T00:00:00.000Z,,,,60d4cc59c4ced20a9c9e02d2,61aa179dd17ed11f18a07b0c,член,,61aa179dd17ed11f18a07b0c,Демократична България,#27497d,/logos/demokratichna-bulgaria.png,-2,16.0
19,['филолог'],"['английски', 'руски']",[],Антоанета,Димитрова,Цонева,1970-05-08T00:00:00.000Z,,,,60d4cc59c4ced20a9c9e02d3,61aa179dd17ed11f18a07b0c,член,,61aa179dd17ed11f18a07b0c,Демократична България,#27497d,/logos/demokratichna-bulgaria.png,-2,16.0
20,[],[],[],Георги,Йорданов,Ганев,1967-11-16T00:00:00.000Z,,,,60d4cc59c4ced20a9c9e02d6,61aa179dd17ed11f18a07b0c,член,,61aa179dd17ed11f18a07b0c,Демократична България,#27497d,/logos/demokratichna-bulgaria.png,-2,16.0
21,"['лекар', 'преподавател']","['английски', 'руски', 'турски']",[],Джевдет,Ибрям,Чакъров,1960-08-08T00:00:00.000Z,Обща хирургия,медицина,Обща хирургия,60d4cc59c4ced20a9c9e02d7,61aa179dd17ed11f18a07b10,член,,61aa179dd17ed11f18a07b10,Движение за права и свободи,#884ac2,/logos/dps.png,2,34.0
22,"['икономист', 'преподавател']","['английски', 'руски']",[],Румен,Димитров,Христов,1955-12-27T00:00:00.000Z,,,,60d4cc59c4ced20a9c9e02da,61aa179dd17ed11f18a07b0b,зам.-председател на ПГ,,61aa179dd17ed11f18a07b0b,ГЕРБ-СДС,#67a4d6,/logos/gerb-sds.jpg,1,59.0
23,"['непоказана', 'икономист', 'политолог']","['английски', 'френски']",[],Александър,Руменов,Ненков,1983-11-07T00:00:00.000Z,,,,60d4cc59c4ced20a9c9e02db,61aa179dd17ed11f18a07b0b,зам.-председател на ПГ,,61aa179dd17ed11f18a07b0b,ГЕРБ-СДС,#67a4d6,/logos/gerb-sds.jpg,1,59.0
24,['учен'],"['английски', 'руски']",[],Андрей,Иванов,Чорбанов,1967-06-01T00:00:00.000Z,,биотехнология,,60d4cc59c4ced20a9c9e02de,61aa179dd17ed11f18a07b0f,член,,61aa179dd17ed11f18a07b0f,Има такъв народ,#f4cf40,/logos/ima-takuv-narod.png,-1,25.0
25,['юрист'],['английски'],[],Ива,Митева,Йорданова-Рупчева,1972-10-25T00:00:00.000Z,,,,60d4cc59c4ced20a9c9e02df,61aa179dd17ed11f18a07b0f,член,,61aa179dd17ed11f18a07b0f,Има такъв народ,#f4cf40,/logos/ima-takuv-narod.png,-1,25.0
26,['юрист'],"['английски', 'руски']",[],Андрей,Николаев,Михайлов,1978-05-16T00:00:00.000Z,,право,,60d4cc59c4ced20a9c9e02e0,61aa179dd17ed11f18a07b0f,член,,61aa179dd17ed11f18a07b0f,Има такъв народ,#f4cf40,/logos/ima-takuv-narod.png,-1,25.0
27,['инженер'],"['английски', 'руски']",[],Георги,Страхилов,Свиленски,1970-10-09T00:00:00.000Z,,строителен инженер,,60d4cc59c4ced20a9c9e02e1,61aa179dd17ed11f18a07b0e,зам.-председател на ПГ,,61aa179dd17ed11f18a07b0e,БСП за България,#d8191f,/logos/bsp2021.png,3,26.0
28,['инженер'],"['английски', 'руски']",[],Георги,Страхилов,Свиленски,1970-10-09T00:00:00.000Z,,строителен инженер,,60d4cc59c4ced20a9c9e02e1,61aa179dd17ed11f18a07b0e,председател на ПГ,,61aa179dd17ed11f18a07b0e,БСП за България,#d8191f,/logos/bsp2021.png,3,26.0
29,['икономист'],['английски'],[],Владислав,Панчев,Панев,1976-04-06T00:00:00.000Z,,,,60d4cc59c4ced20a9c9e02e3,61aa179dd17ed11f18a07b0c,зам.-председател на ПГ,,61aa179dd17ed11f18a07b0c,Демократична България,#27497d,/logos/demokratichna-bulgaria.png,-2,16.0
30,['икономист'],"['английски', 'руски']",[],Ивайло,Николаев,Мирчев,1980-05-06T00:00:00.000Z,,,,60d4cc59c4ced20a9c9e02e4,61aa179dd17ed11f18a07b0c,член,,61aa179dd17ed11f18a07b0c,Демократична България,#27497d,/logos/demokratichna-bulgaria.png,-2,16.0
31,['икономист'],"['английски', 'френски']",[],Мартин,Димитров,Димитров,1977-04-13T00:00:00.000Z,,,,60d4cc59c4ced20a9c9e02e5,61aa179dd17ed11f18a07b0c,член,,61aa179dd17ed11f18a07b0c,Демократична България,#27497d,/logos/demokratichna-bulgaria.png,-2,16.0
32,[],[],[],Росен,Димитров,Желязков,1968-04-05T00:00:00.000Z,,,,60d4cc5ac4ced20a9c9e02e8,61aa179dd17ed11f18a07b0b,член,,61aa179dd17ed11f18a07b0b,ГЕРБ-СДС,#67a4d6,/logos/gerb-sds.jpg,1,59.0
33,['политолог'],[],[],Тома,Любомиров,Биков,1980-10-10T00:00:00.000Z,,,,60d4cc5ac4ced20a9c9e02e9,61aa179dd17ed11f18a07b0b,зам.-председател на ПГ,,61aa179dd17ed11f18a07b0b,ГЕРБ-СДС,#67a4d6,/logos/gerb-sds.jpg,1,59.0
34,['политолог'],['английски'],[],Евгения,Бисерова,Алексиева,1979-10-03T00:00:00.000Z,,,,60d4cc5ac4ced20a9c9e02ea,61aa179dd17ed11f18a07b0b,секретар на ПГ,,61aa179dd17ed11f18a07b0b,ГЕРБ-СДС,#67a4d6,/logos/gerb-sds.jpg,1,59.0
35,['юрист'],"['английски', 'френски']",[],Корнелия,Петрова,Нинова,1969-01-16T00:00:00.000Z,,,,60d4cc5ac4ced20a9c9e02ed,61aa179dd17ed11f18a07b0e,председател на ПГ,,61aa179dd17ed11f18a07b0e,БСП за България,#d8191f,/logos/bsp2021.png,3,26.0
36,[],[],[],Христо,Любомиров,Иванов,1974-09-13T00:00:00.000Z,,,,60d4cc5ac4ced20a9c9e02f0,61aa179dd17ed11f18a07b0c,председател на ПГ,,61aa179dd17ed11f18a07b0c,Демократична България,#27497d,/logos/demokratichna-bulgaria.png,-2,16.0
37,[],[],[],Даниел,Павлов,Митов,1977-12-04T00:00:00.000Z,,,,60d4cc5ac4ced20a9c9e02f4,61aa179dd17ed11f18a07b0b,член,,61aa179dd17ed11f18a07b0b,ГЕРБ-СДС,#67a4d6,/logos/gerb-sds.jpg,1,59.0
38,['юрист'],[],[],Анна,Василева,Александрова,1972-02-25T00:00:00.000Z,,право,,60d4cc5ac4ced20a9c9e02f5,61aa179dd17ed11f18a07b0b,член,,61aa179dd17ed11f18a07b0b,ГЕРБ-СДС,#67a4d6,/logos/gerb-sds.jpg,1,59.0
39,['лекар'],"['английски', 'руски']",[],Лъчезар,Богомилов,Иванов,1962-08-13T00:00:00.000Z,,"медицина, здравен мениджмънт",,60d4cc5ac4ced20a9c9e02f6,61aa179dd17ed11f18a07b0b,член,,61aa179dd17ed11f18a07b0b,ГЕРБ-СДС,#67a4d6,/logos/gerb-sds.jpg,1,59.0
40,['икономист'],"['английски', 'френски', 'руски']",[],Христо,Георгиев,Гаджев,1983-05-28T00:00:00.000Z,,"МБО, МО",,60d4cc5ac4ced20a9c9e02f7,61aa179dd17ed11f18a07b0b,член,,61aa179dd17ed11f18a07b0b,ГЕРБ-СДС,#67a4d6,/logos/gerb-sds.jpg,1,59.0
41,['предприемач'],"['английски', 'немски', 'руски']",[],Пламен,Николаев,Николов,1977-07-29T00:00:00.000Z,,философия,,60d4cc5ac4ced20a9c9e02f9,61aa179dd17ed11f18a07b0f,член,,61aa179dd17ed11f18a07b0f,Има такъв народ,#f4cf40,/logos/ima-takuv-narod.png,-1,25.0
42,['журналист'],"['английски', 'руски']",[],Иван,Ивайлов,Ченчев,1976-08-05T00:00:00.000Z,,"треньор, мениджър",,60d4cc5ac4ced20a9c9e02fb,61aa179dd17ed11f18a07b0e,член,,61aa179dd17ed11f18a07b0e,БСП за България,#d8191f,/logos/bsp2021.png,3,26.0
43,['журналист'],"['английски', 'руски']",[],Иван,Ивайлов,Ченчев,1976-08-05T00:00:00.000Z,,"треньор, мениджър",,60d4cc5ac4ced20a9c9e02fb,61aa179dd17ed11f18a07b0e,зам.-председател на ПГ,,61aa179dd17ed11f18a07b0e,БСП за България,#d8191f,/logos/bsp2021.png,3,26.0
44,['юрист'],['английски'],[],Цветан,Иванов,Енчев,1971-10-21T00:00:00.000Z,,право,,60d4cc5ac4ced20a9c9e02fc,61aa179dd17ed11f18a07b10,член,,61aa179dd17ed11f18a07b10,Движение за права и свободи,#884ac2,/logos/dps.png,2,34.0
45,['лекар'],"['английски', 'френски']",[],Александър,Димитров,Симидчиев,1962-04-23T00:00:00.000Z,,,,60d4cc5ac4ced20a9c9e02fd,61aa179dd17ed11f18a07b0c,член,,61aa179dd17ed11f18a07b0c,Демократична България,#27497d,/logos/demokratichna-bulgaria.png,-2,16.0
46,[],[],[],Младен,Найденов,Маринов,1971-11-21T00:00:00.000Z,,,,60d4cc5ac4ced20a9c9e02fe,61aa179dd17ed11f18a07b0b,член,,61aa179dd17ed11f18a07b0b,ГЕРБ-СДС,#67a4d6,/logos/gerb-sds.jpg,1,59.0
47,"['юрист', 'икономист']","['английски', 'френски', 'руски', 'испански', 'италиански']",[],Николина,Панайотова,Ангелкова,1979-11-30T00:00:00.000Z,,право,,60d4cc5ac4ced20a9c9e0300,61aa179dd17ed11f18a07b0b,член,,61aa179dd17ed11f18a07b0b,ГЕРБ-СДС,#67a4d6,/logos/gerb-sds.jpg,1,59.0
48,['инженер'],['английски'],[],Георги,Станчев,Георгиев,1976-12-17T00:00:00.000Z,,,,60d4cc5ac4ced20a9c9e0302,62ac54683fdc47f0a912fced,член,,62ac54683fdc47f0a912fced,Независими,,,-6,
49,['инженер'],['английски'],[],Георги,Станчев,Георгиев,1976-12-17T00:00:00.000Z,,,,60d4cc5ac4ced20a9c9e0302,61aa179dd17ed11f18a07b0f,член,,61aa179dd17ed11f18a07b0f,Има такъв народ,#f4cf40,/logos/ima-takuv-narod.png,-1,25.0
50,['инженер'],"['английски', 'руски']",[],Георги,Янчев,Гьоков,1961-12-13T00:00:00.000Z,,,,60d4cc5ac4ced20a9c9e0303,61aa179dd17ed11f18a07b0e,член,,61aa179dd17ed11f18a07b0e,БСП за България,#d8191f,/logos/bsp2021.png,3,26.0
51,['икономист'],"['английски', 'френски', 'руски']",[],Драгомир,Велков,Стойнев,1976-05-06T00:00:00.000Z,,икономически политики,,60d4cc5ac4ced20a9c9e0304,61aa179dd17ed11f18a07b0e,зам.-председател на ПГ,,61aa179dd17ed11f18a07b0e,БСП за България,#d8191f,/logos/bsp2021.png,3,26.0
52,"['юрист', 'преподавател']",['английски'],[],Атанас,Владиславов,Славов,1979-12-03T00:00:00.000Z,,,,60d4cc5ac4ced20a9c9e0306,61aa179dd17ed11f18a07b0c,зам.-председател на ПГ,,61aa179dd17ed11f18a07b0c,Демократична България,#27497d,/logos/demokratichna-bulgaria.png,-2,16.0
53,"['преподавател', 'експерт по охрана и сигурност']","['английски', 'руски']",[],Маноил,Минчев,Манев,1969-06-23T00:00:00.000Z,,,,60d4cc5ac4ced20a9c9e0309,61aa179dd17ed11f18a07b0b,член,,61aa179dd17ed11f18a07b0b,ГЕРБ-СДС,#67a4d6,/logos/gerb-sds.jpg,1,59.0
54,"['социален мениджър', 'психолог']",['английски'],[],Илиана,Петкова,Жекова,1972-07-27T00:00:00.000Z,,"социални дейности, психология",,60d4cc5ac4ced20a9c9e030b,61aa179dd17ed11f18a07b0b,член,,61aa179dd17ed11f18a07b0b,ГЕРБ-СДС,#67a4d6,/logos/gerb-sds.jpg,1,59.0
55,['инженер'],"['английски', 'руски']",[],Тихомир,Гочев,Тенев,1972-04-01T00:00:00.000Z,,електроника,,60d4cc5ac4ced20a9c9e030c,61aa179dd17ed11f18a07b0f,член,,61aa179dd17ed11f18a07b0f,Има такъв народ,#f4cf40,/logos/ima-takuv-narod.png,-1,25.0
56,"['политолог', 'кинезитерапевт']","['английски', 'турски']",[],Джейхан,Хасанов,Ибрямов,1977-01-28T00:00:00.000Z,,"политически науки, кинезитерапия",,60d4cc5ac4ced20a9c9e030f,61aa179dd17ed11f18a07b10,член,,61aa179dd17ed11f18a07b10,Движение за права и свободи,#884ac2,/logos/dps.png,2,34.0
57,"['икономист', 'финансист']","['английски', 'немски', 'турски']",[],Имрен,Исметова,Мехмедова,1990-05-03T00:00:00.000Z,,,,60d4cc5ac4ced20a9c9e0310,61aa179dd17ed11f18a07b10,член,,61aa179dd17ed11f18a07b10,Движение за права и свободи,#884ac2,/logos/dps.png,2,34.0
58,['икономист'],[],[],Теменужка,Петрова,Петкова,1967-01-18T00:00:00.000Z,,счетоводство и контрол,,60d4cc5ac4ced20a9c9e0311,61aa179dd17ed11f18a07b0b,член,,61aa179dd17ed11f18a07b0b,ГЕРБ-СДС,#67a4d6,/logos/gerb-sds.jpg,1,59.0
59,['икономист'],"['английски', 'турски']",[],Сезгин,Юсеин,Мехмед,1987-04-02T00:00:00.000Z,,"политически науки, икономика",,60d4cc5ac4ced20a9c9e0313,61aa179dd17ed11f18a07b10,член,,61aa179dd17ed11f18a07b10,Движение за права и свободи,#884ac2,/logos/dps.png,2,34.0
60,[],[],[],Георги,Тенев,Станков,1963-05-04T00:00:00.000Z,,,,60d4cc5ac4ced20a9c9e0316,61aa179dd17ed11f18a07b0b,член,,61aa179dd17ed11f18a07b0b,ГЕРБ-СДС,#67a4d6,/logos/gerb-sds.jpg,1,59.0
61,['икономист'],['английски'],[],Делян,Александров,Добрев,1978-05-14T00:00:00.000Z,,,,60d4cc5ac4ced20a9c9e0317,61aa179dd17ed11f18a07b0b,член,,61aa179dd17ed11f18a07b0b,ГЕРБ-СДС,#67a4d6,/logos/gerb-sds.jpg,1,59.0
62,"['лекар', 'преподавател']",[],[],Силви,Кирилов,Петров,1950-12-17T00:00:00.000Z,,"медицина, урология, здравен мениджмънт",,60d4cc5ac4ced20a9c9e0319,61aa179dd17ed11f18a07b0f,член,,61aa179dd17ed11f18a07b0f,Има такъв народ,#f4cf40,/logos/ima-takuv-narod.png,-1,25.0
63,"['юрист', 'историк']","['английски', 'немски', 'руски']",[],Иван,Валентинов,Иванов,1975-08-13T00:00:00.000Z,,,,60d4cc5ac4ced20a9c9e031a,61aa179dd17ed11f18a07b0e,зам.-председател на ПГ,,61aa179dd17ed11f18a07b0e,БСП за България,#d8191f,/logos/bsp2021.png,3,26.0
64,['икономист'],"['английски', 'турски']",[],Мустафа,Сали,Карадайъ,1970-05-08T00:00:00.000Z,,,,60d4cc5ac4ced20a9c9e031b,61aa179dd17ed11f18a07b10,председател на ПГ,,61aa179dd17ed11f18a07b10,Движение за права и свободи,#884ac2,/logos/dps.png,2,34.0
65,['юрист'],"['английски', 'руски', 'турски']",[],Хамид,Бари,Хамид,1973-01-05T00:00:00.000Z,,,,60d4cc5ac4ced20a9c9e031c,61aa179dd17ed11f18a07b10,зам.-председател на ПГ,,61aa179dd17ed11f18a07b10,Движение за права и свободи,#884ac2,/logos/dps.png,2,34.0
66,['икономист'],"['английски', 'френски']",[],Красимир,Георгиев,Вълчев,1975-06-09T00:00:00.000Z,,,,60d4cc5ac4ced20a9c9e031d,61aa179dd17ed11f18a07b0b,член,,61aa179dd17ed11f18a07b0b,ГЕРБ-СДС,#67a4d6,/logos/gerb-sds.jpg,1,59.0
67,['инженер'],[],[],Илтер,Бейзатов,Садъков,1983-03-04T00:00:00.000Z,,"горско стопанство, социална педагогика",,60d4cc5ac4ced20a9c9e031f,61aa179dd17ed11f18a07b0b,член,,61aa179dd17ed11f18a07b0b,ГЕРБ-СДС,#67a4d6,/logos/gerb-sds.jpg,1,59.0
68,"['икономист', 'специалист по международни отношения']","['английски', 'френски', 'немски', 'руски']",[],Кристиан,Иванов,Вигенин,1975-06-12T00:00:00.000Z,,"международни отношения, макроикономика",,60d4cc5ac4ced20a9c9e0320,61aa179dd17ed11f18a07b0e,член,,61aa179dd17ed11f18a07b0e,БСП за България,#d8191f,/logos/bsp2021.png,3,26.0
69,['юрист'],[],[],Златомира,Димитрова,Карагеоргиева-Мострова,1971-02-25T00:00:00.000Z,,право,,60d4cc5ac4ced20a9c9e0323,61aa179dd17ed11f18a07b0f,член,,61aa179dd17ed11f18a07b0f,Има такъв народ,#f4cf40,/logos/ima-takuv-narod.png,-1,25.0
70,['лекар'],"['английски', 'френски', 'немски', 'руски']",[],Георги,Георгиев,Михайлов,1958-04-25T00:00:00.000Z,,медицина,,60d4cc5ac4ced20a9c9e0324,61aa179dd17ed11f18a07b0e,член,,61aa179dd17ed11f18a07b0e,БСП за България,#d8191f,/logos/bsp2021.png,3,26.0
71,['икономист'],['английски'],[],Халил,Реджепов,Летифов,1979-04-16T00:00:00.000Z,,психология на управлението,,60d4cc5ac4ced20a9c9e0326,61aa179dd17ed11f18a07b10,зам.-председател на ПГ,,61aa179dd17ed11f18a07b10,Движение за права и свободи,#884ac2,/logos/dps.png,2,34.0
72,['икономист'],['руски'],[],Елхан,Мехмедов,Кълков,1973-10-26T00:00:00.000Z,,национална сигурност,,60d4cc5ac4ced20a9c9e0327,61aa179dd17ed11f18a07b10,член,,61aa179dd17ed11f18a07b10,Движение за права и свободи,#884ac2,/logos/dps.png,2,34.0
73,['юрист'],['руски'],[],Иван,Йорданов,Димитров,1973-04-12T00:00:00.000Z,,,,60d4cc5ac4ced20a9c9e0328,61aa179dd17ed11f18a07b0c,зам.-председател на ПГ,,61aa179dd17ed11f18a07b0c,Демократична България,#27497d,/logos/demokratichna-bulgaria.png,-2,16.0
74,"['финансист', 'икономист']",['английски'],[],Стефан,Апостолов,Апостолов,1988-02-28T00:00:00.000Z,,,,60d4cc5ac4ced20a9c9e0329,61aa179dd17ed11f18a07b0b,член,,61aa179dd17ed11f18a07b0b,ГЕРБ-СДС,#67a4d6,/logos/gerb-sds.jpg,1,59.0
75,"['инженер', 'икономист']","['английски', 'руски']",[],Петър,Георгиев,Кънев,1953-12-18T00:00:00.000Z,,,,60d4cc5ac4ced20a9c9e032f,61aa179dd17ed11f18a07b0e,член,,61aa179dd17ed11f18a07b0e,БСП за България,#d8191f,/logos/bsp2021.png,3,26.0
76,['инженер'],"['английски', 'руски', 'турски']",[],Севим,Исмаил,Али,1981-09-13T00:00:00.000Z,,,,60d4cc5ac4ced20a9c9e0331,61aa179dd17ed11f18a07b10,член,,61aa179dd17ed11f18a07b10,Движение за права и свободи,#884ac2,/logos/dps.png,2,34.0
77,"['икономист', 'инженер']","['английски', 'турски']",[],Ешереф,Кязим,Ешереф,1977-05-12T00:00:00.000Z,,,,60d4cc5ac4ced20a9c9e0332,61aa179dd17ed11f18a07b10,член,,61aa179dd17ed11f18a07b10,Движение за права и свободи,#884ac2,/logos/dps.png,2,34.0
78,['журналист'],"['английски', 'немски', 'руски']",[],Любен,Любенов,Дилов,1964-11-19T00:00:00.000Z,,,,60d4cc5ac4ced20a9c9e0336,61aa179dd17ed11f18a07b0b,член,,61aa179dd17ed11f18a07b0b,ГЕРБ-СДС,#67a4d6,/logos/gerb-sds.jpg,1,59.0
79,['икономист'],"['английски', 'френски', 'немски', 'руски']",[],Деница,Пламенова,Николова,1977-07-23T00:00:00.000Z,,финанси,,60d4cc5ac4ced20a9c9e0338,61aa179dd17ed11f18a07b0b,член,,61aa179dd17ed11f18a07b0b,ГЕРБ-СДС,#67a4d6,/logos/gerb-sds.jpg,1,59.0
80,['инженер'],"['английски', 'руски']",[],Борислав,Гуцанов,Гуцанов,1967-06-17T00:00:00.000Z,,"инж. корабоводене, сигурност и отбрана",,60d4cc5ac4ced20a9c9e033d,61aa179dd17ed11f18a07b0e,член,,61aa179dd17ed11f18a07b0e,БСП за България,#d8191f,/logos/bsp2021.png,3,26.0
81,"['биолог', 'преподавател']","['английски', 'руски', 'турски']",[],Ерджан,Себайтин,Ебатин,1972-08-27T00:00:00.000Z,,биология и химия,,60d4cc5ac4ced20a9c9e033f,61aa179dd17ed11f18a07b10,член,,61aa179dd17ed11f18a07b10,Движение за права и свободи,#884ac2,/logos/dps.png,2,34.0
82,"['продуцент', 'композитор']","['английски', 'руски', 'испански']",[],Стоян,Александров,Михалев,1972-04-10T00:00:00.000Z,,,,60d4cc5ac4ced20a9c9e0340,61aa179dd17ed11f18a07b0c,член,,61aa179dd17ed11f18a07b0c,Демократична България,#27497d,/logos/demokratichna-bulgaria.png,-2,16.0
83,[],"['английски', 'испански', 'руски']",[],Славена,Димитрова,Точева,1990-12-07T00:00:00.000Z,,управление на туризма,,60d4cc5ac4ced20a9c9e0344,61aa179dd17ed11f18a07b0b,член,,61aa179dd17ed11f18a07b0b,ГЕРБ-СДС,#67a4d6,/logos/gerb-sds.jpg,1,59.0
84,"['специалист ИТ', 'икономист']","['английски', 'немски', 'руски']",[],Павел,Алексеев,Христов,1983-09-12T00:00:00.000Z,,,,60d4cc5ac4ced20a9c9e0347,61aa179dd17ed11f18a07b0b,член,,61aa179dd17ed11f18a07b0b,ГЕРБ-СДС,#67a4d6,/logos/gerb-sds.jpg,1,59.0
85,['икономист'],"['английски', 'италиански']",[],Кирил,Сашев,Симеонов,1985-06-06T00:00:00.000Z,,,,60d4cc5ac4ced20a9c9e0348,62ac54683fdc47f0a912fced,член,,62ac54683fdc47f0a912fced,Независими,,,-6,
86,['икономист'],"['английски', 'италиански']",[],Кирил,Сашев,Симеонов,1985-06-06T00:00:00.000Z,,,,60d4cc5ac4ced20a9c9e0348,61aa179dd17ed11f18a07b0f,член,,61aa179dd17ed11f18a07b0f,Има такъв народ,#f4cf40,/logos/ima-takuv-narod.png,-1,25.0
87,['икономист'],"['английски', 'руски']",[],Любомир,Антонов,Каримански,1971-11-19T00:00:00.000Z,,,,60d4cc5ac4ced20a9c9e0349,61aa179dd17ed11f18a07b0f,член,,61aa179dd17ed11f18a07b0f,Има такъв народ,#f4cf40,/logos/ima-takuv-narod.png,-1,25.0
88,['юрист'],['английски'],[],Явор,Руменов,Божанков,1990-02-11T00:00:00.000Z,,право,,60d4cc5ac4ced20a9c9e034c,61aa179dd17ed11f18a07b0e,член,,61aa179dd17ed11f18a07b0e,БСП за България,#d8191f,/logos/bsp2021.png,3,26.0
89,['юрист'],['английски'],[],Явор,Руменов,Божанков,1990-02-11T00:00:00.000Z,,право,,60d4cc5ac4ced20a9c9e034c,61aa179dd17ed11f18a07b0e,секретар на ПГ,,61aa179dd17ed11f18a07b0e,БСП за България,#d8191f,/logos/bsp2021.png,3,26.0
90,"['лекар', 'икономист', 'преподавател']",['английски'],[],Костадин,Георгиев,Ангелов,1977-06-07T00:00:00.000Z,,"медицина, здравен мениджмънт, финанси",,60d4cc5ac4ced20a9c9e0350,61aa179dd17ed11f18a07b0b,член,,61aa179dd17ed11f18a07b0b,ГЕРБ-СДС,#67a4d6,/logos/gerb-sds.jpg,1,59.0
91,"['икономист', 'журналист']",['английски'],[],Димитър,Стойков,Николов,1975-11-27T00:00:00.000Z,,"мениджмънт на човешките ресурси, стопанско управление",,60d4cc5ac4ced20a9c9e0351,61aa179dd17ed11f18a07b0b,член,,61aa179dd17ed11f18a07b0b,ГЕРБ-СДС,#67a4d6,/logos/gerb-sds.jpg,1,59.0
92,['юрист'],['английски'],[],Момчил,Кунчев,Иванов,1976-02-14T00:00:00.000Z,,"история, право",,60d4cc5ac4ced20a9c9e0353,61aa179dd17ed11f18a07b0f,член,,61aa179dd17ed11f18a07b0f,Има такъв народ,#f4cf40,/logos/ima-takuv-narod.png,-1,25.0
93,['юрист'],['английски'],[],Филип,Стефанов,Попов,1982-01-16T00:00:00.000Z,,право,,60d4cc5ac4ced20a9c9e0354,61aa179dd17ed11f18a07b0e,секретар на ПГ,,61aa179dd17ed11f18a07b0e,БСП за България,#d8191f,/logos/bsp2021.png,3,26.0
94,['юрист'],['английски'],[],Филип,Стефанов,Попов,1982-01-16T00:00:00.000Z,,право,,60d4cc5ac4ced20a9c9e0354,61aa179dd17ed11f18a07b0e,зам.-председател на ПГ,,61aa179dd17ed11f18a07b0e,БСП за България,#d8191f,/logos/bsp2021.png,3,26.0
95,[],[],[],Росица,Любенова,Кирова,1970-01-01T00:00:00.000Z,,,,60d4cc5ac4ced20a9c9e0355,61aa179dd17ed11f18a07b0b,член,,61aa179dd17ed11f18a07b0b,ГЕРБ-СДС,#67a4d6,/logos/gerb-sds.jpg,1,59.0
96,['юрист'],"['немски', 'руски']",[],Иво,Георгиев,Атанасов,1965-05-29T00:00:00.000Z,,право,,60d4cc5ac4ced20a9c9e0357,62ac54683fdc47f0a912fced,член,,62ac54683fdc47f0a912fced,Независими,,,-6,
97,['юрист'],"['немски', 'руски']",[],Иво,Георгиев,Атанасов,1965-05-29T00:00:00.000Z,,право,,60d4cc5ac4ced20a9c9e0357,61aa179dd17ed11f18a07b0f,секретар на ПГ,,61aa179dd17ed11f18a07b0f,Има такъв народ,#f4cf40,/logos/ima-takuv-narod.png,-1,25.0
98,"['икономист', 'финансист']","['английски', 'руски']",[],Йордан,Кирилов,Цонев,1956-10-05T00:00:00.000Z,,,,60d4cc5ac4ced20a9c9e0359,61aa179dd17ed11f18a07b10,зам.-председател на ПГ,,61aa179dd17ed11f18a07b10,Движение за права и свободи,#884ac2,/logos/dps.png,2,34.0
99,['инженер'],"['английски', 'руски']",[],Петя,Цветанова,Аврамова,1963-05-29T00:00:00.000Z,,топлинна и масообменна техника,,60d4cc5ac4ced20a9c9e035b,61aa179dd17ed11f18a07b0b,член,,61aa179dd17ed11f18a07b0b,ГЕРБ-СДС,#67a4d6,/logos/gerb-sds.jpg,1,59.0
100,['икономист'],"['английски', 'руски']",[],Красен,Георгиев,Кръстев,1974-11-19T00:00:00.000Z,,стопанско управление,,60d4cc5ac4ced20a9c9e035c,61aa179dd17ed11f18a07b0b,член,,61aa179dd17ed11f18a07b0b,ГЕРБ-СДС,#67a4d6,/logos/gerb-sds.jpg,1,59.0
101,"['философ', 'икономист']","['английски', 'руски']",[],Томислав,Пейков,Дончев,1973-08-06T00:00:00.000Z,,,,60d4cc5ac4ced20a9c9e035f,61aa179dd17ed11f18a07b0b,член,,61aa179dd17ed11f18a07b0b,ГЕРБ-СДС,#67a4d6,/logos/gerb-sds.jpg,1,59.0
102,"['юрист', 'инженер', 'икономист']",['руски'],[],Мая,Йорданова,Димитрова,1965-09-09T00:00:00.000Z,,"машинен инженер, икономика и мениджмънт, право",,60d4cc5ac4ced20a9c9e0362,61aa179dd17ed11f18a07b0e,член,,61aa179dd17ed11f18a07b0e,БСП за България,#d8191f,/logos/bsp2021.png,3,26.0
103,['лекар'],"['английски', 'руски', 'турски']",[],Хасан,Ахмед,Адемов,1953-01-24T00:00:00.000Z,Здравеопазване,медицина,Здравеопазване,60d4cc5ac4ced20a9c9e0363,61aa179dd17ed11f18a07b10,член,,61aa179dd17ed11f18a07b10,Движение за права и свободи,#884ac2,/logos/dps.png,2,34.0
104,['социален педагог'],"['английски', 'руски']",[],Деница,Евгениева,Сачева,1973-11-02T00:00:00.000Z,,"връзки с обществеността,здравен мениджмънт, социална педагогика",,60d4cc5ac4ced20a9c9e0365,61aa179dd17ed11f18a07b0b,член,,61aa179dd17ed11f18a07b0b,ГЕРБ-СДС,#67a4d6,/logos/gerb-sds.jpg,1,59.0
105,['икономист'],"['английски', 'руски', 'турски']",[],Адлен,Шукри,Шевкед,1969-11-24T00:00:00.000Z,,финанси,,60d4cc5ac4ced20a9c9e0368,61aa179dd17ed11f18a07b10,секретар на ПГ,,61aa179dd17ed11f18a07b10,Движение за права и свободи,#884ac2,/logos/dps.png,2,34.0
106,['преподавател'],"['френски', 'руски', 'турски']",[],Мукаддес,Юсуф,Налбант,1958-03-15T00:00:00.000Z,,философия,,60d4cc5ac4ced20a9c9e0369,61aa179dd17ed11f18a07b10,член,,61aa179dd17ed11f18a07b10,Движение за права и свободи,#884ac2,/logos/dps.png,2,34.0
107,"['икономист', 'преподавател']","['английски', 'немски', 'турски']",[],Байрам,Юзкан,Байрам,1986-08-05T00:00:00.000Z,,,,60d4cc5ac4ced20a9c9e036a,61aa179dd17ed11f18a07b10,член,,61aa179dd17ed11f18a07b10,Движение за права и свободи,#884ac2,/logos/dps.png,2,34.0
108,['инженер'],"['английски', 'руски']",[],Христо,Богомилов,Терзийски,1968-07-31T00:00:00.000Z,,инженер,,60d4cc5ac4ced20a9c9e036e,61aa179dd17ed11f18a07b0b,член,,61aa179dd17ed11f18a07b0b,ГЕРБ-СДС,#67a4d6,/logos/gerb-sds.jpg,1,59.0
109,['икономист'],"['френски', 'руски']",[],Виктория,Димитрова,Василева,1971-10-27T00:00:00.000Z,,,,60d4cc5ac4ced20a9c9e0370,61aa179dd17ed11f18a07b0f,зам.-председател на ПГ,,61aa179dd17ed11f18a07b0f,Има такъв народ,#f4cf40,/logos/ima-takuv-narod.png,-1,25.0
110,['преподавател'],['руски'],[],Ирена,Тодорова,Анастасова,1955-09-25T00:00:00.000Z,,,,60d4cc5ac4ced20a9c9e0371,61aa179dd17ed11f18a07b0e,секретар на ПГ,,61aa179dd17ed11f18a07b0e,БСП за България,#d8191f,/logos/bsp2021.png,3,26.0
111,['експерт регионално развитие'],['английски'],[],Николай,Нанков,Нанков,1983-12-19T00:00:00.000Z,,,,60d4cc5ac4ced20a9c9e0373,61aa179dd17ed11f18a07b0b,член,,61aa179dd17ed11f18a07b0b,ГЕРБ-СДС,#67a4d6,/logos/gerb-sds.jpg,1,59.0
112,['журналист'],['английски'],[],Станислав,Светозаров,Балабанов,1988-03-02T00:00:00.000Z,,"българска филология, журналистика и финанси",,60d4cc5ac4ced20a9c9e0375,61aa179dd17ed11f18a07b0f,член,,61aa179dd17ed11f18a07b0f,Има такъв народ,#f4cf40,/logos/ima-takuv-narod.png,-1,25.0
113,['икономист'],"['английски', 'немски']",[],Димитър,Иванов,Аврамов,1977-10-19T00:00:00.000Z,,,,60d4cc5ac4ced20a9c9e0377,61aa179dd17ed11f18a07b10,член,,61aa179dd17ed11f18a07b10,Движение за права и свободи,#884ac2,/logos/dps.png,2,34.0
114,['икономист'],"['немски', 'руски', 'английски']",[],Ирена,Методиева,Димова,1974-11-13T00:00:00.000Z,,счетоводство и контрол,,60d4cc5ac4ced20a9c9e0378,61aa179dd17ed11f18a07b0b,член,,61aa179dd17ed11f18a07b0b,ГЕРБ-СДС,#67a4d6,/logos/gerb-sds.jpg,1,59.0
115,['юрист'],"['английски', 'руски']",[],Пламен,Николаев,Абровски,1979-09-02T00:00:00.000Z,,,,60d4cc5ac4ced20a9c9e037a,61aa179dd17ed11f18a07b0f,член,,61aa179dd17ed11f18a07b0f,Има такъв народ,#f4cf40,/logos/ima-takuv-narod.png,-1,25.0
116,['юрист'],"['английски', 'немски']",[],Екатерина,Спасова,Гечева-Захариева,1975-08-08T00:00:00.000Z,,право,,60d4cc5ac4ced20a9c9e037f,61aa179dd17ed11f18a07b0b,член,,61aa179dd17ed11f18a07b0b,ГЕРБ-СДС,#67a4d6,/logos/gerb-sds.jpg,1,59.0
117,[],[],[],Стефан,Неделчев,Мирев,1985-09-06T00:00:00.000Z,,,,60d4cc5ac4ced20a9c9e0381,61aa179dd17ed11f18a07b0b,член,,61aa179dd17ed11f18a07b0b,ГЕРБ-СДС,#67a4d6,/logos/gerb-sds.jpg,1,59.0
118,['финансист'],['френски'],[],Кирил,Миланов,Ананиев,1955-07-02T00:00:00.000Z,,,,60d4cc5ac4ced20a9c9e0385,61aa179dd17ed11f18a07b0b,член,,61aa179dd17ed11f18a07b0b,ГЕРБ-СДС,#67a4d6,/logos/gerb-sds.jpg,1,59.0
119,"['икономист', 'преподавател']","['английски', 'руски']",[],Румен,Василев,Гечев,1956-10-04T00:00:00.000Z,,политикономия,,60d4cc5ac4ced20a9c9e0388,61aa179dd17ed11f18a07b0e,член,,61aa179dd17ed11f18a07b0e,БСП за България,#d8191f,/logos/bsp2021.png,3,26.0
120,['юрист'],"['английски', 'руски', 'испански']",[],Илиян,Славейков,Йончев,1976-03-11T00:00:00.000Z,,"право, здравен мениджмънт",,60d4cc5ac4ced20a9c9e0389,61aa179dd17ed11f18a07b0e,член,,61aa179dd17ed11f18a07b0e,БСП за България,#d8191f,/logos/bsp2021.png,3,26.0
121,['юрист'],['английски'],[],Радостин,Петев,Василев,1985-01-01T00:00:00.000Z,,,,60d4cc5ac4ced20a9c9e038e,61aa179dd17ed11f18a07b0f,член,,61aa179dd17ed11f18a07b0f,Има такъв народ,#f4cf40,/logos/ima-takuv-narod.png,-1,25.0
122,['офицер'],"['английски', 'руски']",[],Александър,Атанасов,Александров,1958-09-15T00:00:00.000Z,,"мотострелкови войски, военна икономика, стратегическо ръководство на въоръжените сили",,60d4cc5ac4ced20a9c9e038f,61aa179dd17ed11f18a07b0f,член,,61aa179dd17ed11f18a07b0f,Има такъв народ,#f4cf40,/logos/ima-takuv-narod.png,-1,25.0
123,['юрист'],['английски'],[],Александър,Велиславов,Тодоров,1989-06-17T00:00:00.000Z,,право,,60d4cc5ac4ced20a9c9e0390,61aa179dd17ed11f18a07b0f,член,,61aa179dd17ed11f18a07b0f,Има такъв народ,#f4cf40,/logos/ima-takuv-narod.png,-1,25.0
124,['застраховател'],['английски'],[],Иван,Богомилов,Петков,1987-02-26T00:00:00.000Z,,"финансов мениджмънт, държавност, духовност и лидерски практики",,60d4cc5ac4ced20a9c9e0391,61aa179dd17ed11f18a07b0e,член,,61aa179dd17ed11f18a07b0e,БСП за България,#d8191f,/logos/bsp2021.png,3,26.0
125,['инженер'],['английски'],[],Иван,Борисов,Тотев,1975-10-28T00:00:00.000Z,,"КСТ, публична администрация",,60d4cc5ac4ced20a9c9e0396,61aa179dd17ed11f18a07b0b,член,,61aa179dd17ed11f18a07b0b,ГЕРБ-СДС,#67a4d6,/logos/gerb-sds.jpg,1,59.0
126,['юрист'],"['английски', 'немски', 'руски']",[],Радомир,Петров,Чолаков,1964-10-17T00:00:00.000Z,,,,60d4cc5ac4ced20a9c9e0398,61aa179dd17ed11f18a07b0b,член,,61aa179dd17ed11f18a07b0b,ГЕРБ-СДС,#67a4d6,/logos/gerb-sds.jpg,1,59.0
127,"['сценарист', 'историк']",['руски'],[],Тошко,Йорданов,Хаджитодоров,1970-05-02T00:00:00.000Z,,история,,60d4cc5ac4ced20a9c9e0399,61aa179dd17ed11f18a07b0f,председател на ПГ,,61aa179dd17ed11f18a07b0f,Има такъв народ,#f4cf40,/logos/ima-takuv-narod.png,-1,25.0
128,"['икономист', 'преподавател']","['английски', 'руски', 'гръцки']",[],Манол,Трифонов,Генов,1960-06-14T00:00:00.000Z,,,,60d4cc5ac4ced20a9c9e039c,61aa179dd17ed11f18a07b0e,член,,61aa179dd17ed11f18a07b0e,БСП за България,#d8191f,/logos/bsp2021.png,3,26.0
129,['преподавател'],['руски'],[],Веска,Маринова,Ненчева,1974-05-14T00:00:00.000Z,,,,60d4cc5ac4ced20a9c9e039d,61aa179dd17ed11f18a07b0e,член,,61aa179dd17ed11f18a07b0e,БСП за България,#d8191f,/logos/bsp2021.png,3,26.0
130,['инженер'],"['английски', 'руски', 'турски']",[],Рамадан,Байрам,Аталай,1957-04-12T00:00:00.000Z,"Икономика, енергетика",технология на минната промишленост,"Икономика, енергетика",60d4cc5ac4ced20a9c9e039f,61aa179dd17ed11f18a07b10,член,,61aa179dd17ed11f18a07b10,Движение за права и свободи,#884ac2,/logos/dps.png,2,34.0
131,['юрист'],['английски'],[],Дани,Стефанова,Каназирева,1979-01-16T00:00:00.000Z,,"право, английско право и право на ЕС",,60d4cc5ac4ced20a9c9e03a2,61aa179dd17ed11f18a07b0b,член,,61aa179dd17ed11f18a07b0b,ГЕРБ-СДС,#67a4d6,/logos/gerb-sds.jpg,1,59.0
132,['инженер'],"['английски', 'немски', 'руски']",[],Младен,Николов,Шишков,1976-01-16T00:00:00.000Z,,ПГС,,60d4cc5ac4ced20a9c9e03a3,61aa179dd17ed11f18a07b0b,член,,61aa179dd17ed11f18a07b0b,ГЕРБ-СДС,#67a4d6,/logos/gerb-sds.jpg,1,59.0
133,['икономист'],['турски'],[],Танер,Кадир,Тюркоглу,1974-12-17T00:00:00.000Z,,МИО - данъчен и митнически контрол,,60d4cc5ac4ced20a9c9e03a6,61aa179dd17ed11f18a07b0f,член,,61aa179dd17ed11f18a07b0f,Има такъв народ,#f4cf40,/logos/ima-takuv-narod.png,-1,25.0
134,['инженер'],"['руски', 'турски']",[],Ахмед,Реджебов,Ахмедов,1974-07-17T00:00:00.000Z,,машинно-инженерство,,60d4cc5ac4ced20a9c9e03a7,61aa179dd17ed11f18a07b10,член,,61aa179dd17ed11f18a07b10,Движение за права и свободи,#884ac2,/logos/dps.png,2,34.0
135,['инженер'],"['руски', 'турски']",[],Ихсан,Халил,Хаккъ,1969-03-09T00:00:00.000Z,,,,60d4cc5ac4ced20a9c9e03a8,61aa179dd17ed11f18a07b10,член,,61aa179dd17ed11f18a07b10,Движение за права и свободи,#884ac2,/logos/dps.png,2,34.0
136,['юрист'],"['английски', 'немски', 'руски']",[],Десислава,Вълчева,Атанасова,1978-10-08T00:00:00.000Z,,"политология, дипломация и ЕП, право",,60d4cc5ac4ced20a9c9e03a9,61aa179dd17ed11f18a07b0b,председател на ПГ,,61aa179dd17ed11f18a07b0b,ГЕРБ-СДС,#67a4d6,/logos/gerb-sds.jpg,1,59.0
137,['юрист'],"['английски', 'френски']",[],Крум,Костадинов,Зарков,1982-11-21T00:00:00.000Z,,право,,60d4cc5ac4ced20a9c9e03ab,61aa179dd17ed11f18a07b0e,член,,61aa179dd17ed11f18a07b0e,БСП за България,#d8191f,/logos/bsp2021.png,3,26.0
138,"['мениджър', 'лекар']","['английски', 'руски']",[],Красен,Кирилов,Кралев,1967-01-02T00:00:00.000Z,,медицина,,60d4cc5ac4ced20a9c9e03af,61aa179dd17ed11f18a07b0b,член,,61aa179dd17ed11f18a07b0b,ГЕРБ-СДС,#67a4d6,/logos/gerb-sds.jpg,1,59.0
139,"['икономист', 'експерт ""сигурност""']","['английски', 'френски', 'руски']",[],Светлин,Костов,Стоянов,1969-05-08T00:00:00.000Z,,,,60d4cc5ac4ced20a9c9e03b1,62ac54683fdc47f0a912fced,член,,62ac54683fdc47f0a912fced,Независими,,,-6,
140,"['икономист', 'експерт ""сигурност""']","['английски', 'френски', 'руски']",[],Светлин,Костов,Стоянов,1969-05-08T00:00:00.000Z,,,,60d4cc5ac4ced20a9c9e03b1,61aa179dd17ed11f18a07b0f,член,,61aa179dd17ed11f18a07b0f,Има такъв народ,#f4cf40,/logos/ima-takuv-narod.png,-1,25.0
141,['психолог'],['английски'],[],Вяра,Емилова,Йорданова,1978-06-09T00:00:00.000Z,,психология,,60d4cc5ac4ced20a9c9e03b3,61aa179dd17ed11f18a07b0e,секретар на ПГ,,61aa179dd17ed11f18a07b0e,БСП за България,#d8191f,/logos/bsp2021.png,3,26.0
142,['инженер'],"['английски', 'турски']",[],Павлин,Павлов,Кръстев,1988-06-07T00:00:00.000Z,,,,6158731579e5a250faf4e024,61aa179dd17ed11f18a07b10,член,,61aa179dd17ed11f18a07b10,Движение за права и свободи,#884ac2,/logos/dps.png,2,34.0
143,['икономист'],['немски'],[],Бойко,Любомиров,Клечков,1958-05-31T00:00:00.000Z,,управление на промишлеността,,6158731579e5a250faf4e02b,61aa179dd17ed11f18a07b0e,член,,61aa179dd17ed11f18a07b0e,БСП за България,#d8191f,/logos/bsp2021.png,3,26.0
144,['лекар'],"['английски', 'немски', 'руски', 'полски']",[],Ивайло,Христов,Христов,1961-01-23T00:00:00.000Z,,медицина,,6158731579e5a250faf4e0d1,61aa179dd17ed11f18a07b0f,член,,61aa179dd17ed11f18a07b0f,Има такъв народ,#f4cf40,/logos/ima-takuv-narod.png,-1,25.0
145,[],[],[],Зорница,Велинова,Стратиева,1985-04-08T00:00:00.000Z,,,,6158731579e5a250faf4e0f3,61aa179dd17ed11f18a07b0c,член,,61aa179dd17ed11f18a07b0c,Демократична България,#27497d,/logos/demokratichna-bulgaria.png,-2,16.0
146,['икономист'],['английски'],[],Валери,Пламенов,Лачовски,1983-07-07T00:00:00.000Z,,здравен мениджмънт,,6158731579e5a250faf4e101,61aa179dd17ed11f18a07b0b,член,,61aa179dd17ed11f18a07b0b,ГЕРБ-СДС,#67a4d6,/logos/gerb-sds.jpg,1,59.0
147,['юрист'],['турски'],[],Гюнер,Нихат,Ахмед,1979-05-11T00:00:00.000Z,,право,,6158731579e5a250faf4e19a,61aa179dd17ed11f18a07b10,член,,61aa179dd17ed11f18a07b10,Движение за права и свободи,#884ac2,/logos/dps.png,2,34.0
148,['преподавател'],"['английски', 'френски', 'руски']",[],Николай,Стефанов,Радулов,1956-01-13T00:00:00.000Z,,,,6158731579e5a250faf4e1e0,62ac54683fdc47f0a912fced,член,,62ac54683fdc47f0a912fced,Независими,,,-6,
149,['преподавател'],"['английски', 'френски', 'руски']",[],Николай,Стефанов,Радулов,1956-01-13T00:00:00.000Z,,,,6158731579e5a250faf4e1e0,61aa179dd17ed11f18a07b0f,член,,61aa179dd17ed11f18a07b0f,Има такъв народ,#f4cf40,/logos/ima-takuv-narod.png,-1,25.0
150,[],[],[],Петър,Николаев,Николов,1979-06-03T00:00:00.000Z,,,,6158731579e5a250faf4e20b,61aa179dd17ed11f18a07b0b,член,,61aa179dd17ed11f18a07b0b,ГЕРБ-СДС,#67a4d6,/logos/gerb-sds.jpg,1,59.0
151,['икономист'],"['английски', 'руски', 'испански']",[],Владимир,Маринов,Маринов,1981-07-28T00:00:00.000Z,,мениджмънт,,6158731579e5a250faf4e26f,61aa179dd17ed11f18a07b0e,член,,61aa179dd17ed11f18a07b0e,БСП за България,#d8191f,/logos/bsp2021.png,3,26.0
152,[],"['английски', 'италиански']",[],Иван,Руменов,Клисурски,1997-08-26T00:00:00.000Z,,,,6158731579e5a250faf4e321,61aa179dd17ed11f18a07b0f,член,,61aa179dd17ed11f18a07b0f,Има такъв народ,#f4cf40,/logos/ima-takuv-narod.png,-1,25.0
153,[],[],[],Елисавета,Димитрова,Белобрадова,1977-05-23T00:00:00.000Z,,,,6158731579e5a250faf4e337,61aa179dd17ed11f18a07b0c,член,,61aa179dd17ed11f18a07b0c,Демократична България,#27497d,/logos/demokratichna-bulgaria.png,-2,16.0
154,[],[],[],Искрен,Николаев,Митев,1989-03-22T00:00:00.000Z,,,,61aa175e28e58401d44d2678,61aa179dd17ed11f18a07b0d,член,,61aa179dd17ed11f18a07b0d,Продължаваме промяната,#5dbf1d,/logos/produlzhavame-promianata.png,0,67.0
155,"['преподавател', 'журналист']",[],[],Антония,Кънчева,Димитрова,1989-08-16T00:00:00.000Z,,"журналистика, икономика и управление на бизнеса, начална училищна педагогика",,61aa175e28e58401d44d2683,61aa179dd17ed11f18a07b0d,член,,61aa179dd17ed11f18a07b0d,Продължаваме промяната,#5dbf1d,/logos/produlzhavame-promianata.png,0,67.0
156,['преподавател'],"['английски', 'руски', 'испански']",[],Стефан,Иванов,Шилев,1973-12-06T00:00:00.000Z,,растителна защита,,61aa175e28e58401d44d26a5,61aa179dd17ed11f18a07b0b,член,,61aa179dd17ed11f18a07b0b,ГЕРБ-СДС,#67a4d6,/logos/gerb-sds.jpg,1,59.0
157,['инженер'],"['английски', 'руски']",[],Росен,Добрев,Костурков,1972-04-15T00:00:00.000Z,,електроника,,61aa175e28e58401d44d26ac,61aa179dd17ed11f18a07b0d,член,,61aa179dd17ed11f18a07b0d,Продължаваме промяната,#5dbf1d,/logos/produlzhavame-promianata.png,0,67.0
158,['инженер'],"['английски', 'руски']",[],Николай,Георгиев,Дренчев,1968-09-30T00:00:00.000Z,,летец-пилот,,61aa175e28e58401d44d26b2,61aa179dd17ed11f18a07b11,секретар на ПГ,,61aa179dd17ed11f18a07b11,Възраждане,#c09f62,/logos/vazrazhdane.jpg,-3,13.0
159,[],"['английски', 'руски']",[],Милко,Асенов,Пенев,1998-02-08T00:00:00.000Z,,,,61aa175e28e58401d44d26d0,61aa179dd17ed11f18a07b0d,член,,61aa179dd17ed11f18a07b0d,Продължаваме промяната,#5dbf1d,/logos/produlzhavame-promianata.png,0,67.0
160,['инженер'],[],[],Георги,Николаев,Георгиев,1979-07-13T00:00:00.000Z,,стъклокерамика и свързващи вещества,,61aa175e28e58401d44d26da,61aa179dd17ed11f18a07b11,член,,61aa179dd17ed11f18a07b11,Възраждане,#c09f62,/logos/vazrazhdane.jpg,-3,13.0
161,[],[],[],Лена,Здравкова,Бориславова,1989-10-08T00:00:00.000Z,,,,61aa175e28e58401d44d26f1,61aa179dd17ed11f18a07b0d,член,,61aa179dd17ed11f18a07b0d,Продължаваме промяната,#5dbf1d,/logos/produlzhavame-promianata.png,0,67.0
162,['икономист'],['английски'],[],Радослав,Красенов,Василев,1992-07-15T00:00:00.000Z,,бизнес икономика,,61aa175e28e58401d44d26f7,61aa179dd17ed11f18a07b0d,член,,61aa179dd17ed11f18a07b0d,Продължаваме промяната,#5dbf1d,/logos/produlzhavame-promianata.png,0,67.0
163,['инженер'],"['английски', 'италиански']",[],Костадин,Томов,Стойков,1980-04-02T00:00:00.000Z,,,,61aa175e28e58401d44d2709,61aa179dd17ed11f18a07b0b,член,,61aa179dd17ed11f18a07b0b,ГЕРБ-СДС,#67a4d6,/logos/gerb-sds.jpg,1,59.0
164,[],[],[],Андрей,Атанасов,Гюров,1975-12-31T00:00:00.000Z,,,,61aa175e28e58401d44d2723,61aa179dd17ed11f18a07b0d,председател на ПГ,,61aa179dd17ed11f18a07b0d,Продължаваме промяната,#5dbf1d,/logos/produlzhavame-promianata.png,0,67.0
165,[],[],[],Владимир,Славев,Табутов,1983-08-25T00:00:00.000Z,,,,61aa175e28e58401d44d2729,61aa179dd17ed11f18a07b0d,член,,61aa179dd17ed11f18a07b0d,Продължаваме промяната,#5dbf1d,/logos/produlzhavame-promianata.png,0,67.0
166,[],[],[],Владимир,Славев,Табутов,1983-08-25T00:00:00.000Z,,,,61aa175e28e58401d44d2729,61aa179dd17ed11f18a07b0d,зам.-председател на ПГ,,61aa179dd17ed11f18a07b0d,Продължаваме промяната,#5dbf1d,/logos/produlzhavame-promianata.png,0,67.0
167,[],[],[],Екатерина,Кирилова,Димитрушева,1990-11-13T00:00:00.000Z,,,,61aa175e28e58401d44d272f,61aa179dd17ed11f18a07b0d,член,,61aa179dd17ed11f18a07b0d,Продължаваме промяната,#5dbf1d,/logos/produlzhavame-promianata.png,0,67.0
168,['икономист'],['английски'],[],Цончо,Томов,Ганев,1979-03-11T00:00:00.000Z,,,,61aa175e28e58401d44d2735,61aa179dd17ed11f18a07b11,член,,61aa179dd17ed11f18a07b11,Възраждане,#c09f62,/logos/vazrazhdane.jpg,-3,13.0
169,"['икономист', 'инженер']","['английски', 'турски']",[],Фатме,Хасан,Рамадан,1983-12-28T00:00:00.000Z,,,,61aa175e28e58401d44d2754,61aa179dd17ed11f18a07b10,член,,61aa179dd17ed11f18a07b10,Движение за права и свободи,#884ac2,/logos/dps.png,2,34.0
170,[],[],[],Димитър,Михайлов,Ташев,1983-04-08T00:00:00.000Z,,,,61aa175e28e58401d44d275e,61aa179dd17ed11f18a07b0d,член,,61aa179dd17ed11f18a07b0d,Продължаваме промяната,#5dbf1d,/logos/produlzhavame-promianata.png,0,67.0
171,[],[],[],Константин,Живков,Бачийски,1978-11-22T00:00:00.000Z,,,,61aa175e28e58401d44d2764,61aa179dd17ed11f18a07b0d,член,,61aa179dd17ed11f18a07b0d,Продължаваме промяната,#5dbf1d,/logos/produlzhavame-promianata.png,0,67.0
172,['преподавател'],"['английски', 'руски']",[],Христо,Симеонов,Симеонов,1963-12-23T00:00:00.000Z,,"философия, финанси",,61aa175e28e58401d44d276a,61aa179dd17ed11f18a07b0d,член,,61aa179dd17ed11f18a07b0d,Продължаваме промяната,#5dbf1d,/logos/produlzhavame-promianata.png,0,67.0
173,[],[],[],Костадин,Тодоров,Костадинов,1979-04-01T00:00:00.000Z,,,,61aa175e28e58401d44d2774,61aa179dd17ed11f18a07b11,председател на ПГ,,61aa179dd17ed11f18a07b11,Възраждане,#c09f62,/logos/vazrazhdane.jpg,-3,13.0
174,['юрист'],"['руски', 'румънски']",[],Бранимир,Николаев,Балачев,1952-11-20T00:00:00.000Z,,право,,61aa175e28e58401d44d277a,61aa179dd17ed11f18a07b0b,член,,61aa179dd17ed11f18a07b0b,ГЕРБ-СДС,#67a4d6,/logos/gerb-sds.jpg,1,59.0
175,['лекар'],"['английски', 'руски']",[],Антон,Йорданов,Тонев,1981-01-31T00:00:00.000Z,,"медицина, хирургия",,61aa175e28e58401d44d2798,61aa179dd17ed11f18a07b0d,член,,61aa179dd17ed11f18a07b0d,Продължаваме промяната,#5dbf1d,/logos/produlzhavame-promianata.png,0,67.0
176,['преподавател'],"['английски', 'руски']",[],Благовест,Чанев,Белев,1963-10-09T00:00:00.000Z,,корабоводене,,61aa175e28e58401d44d279e,61aa179dd17ed11f18a07b0d,член,,61aa179dd17ed11f18a07b0d,Продължаваме промяната,#5dbf1d,/logos/produlzhavame-promianata.png,0,67.0
177,[],[],[],Даниел,Максим,Лорер,1976-05-28T00:00:00.000Z,,,,61aa175e28e58401d44d27a4,61aa179dd17ed11f18a07b0d,член,,61aa179dd17ed11f18a07b0d,Продължаваме промяната,#5dbf1d,/logos/produlzhavame-promianata.png,0,67.0
178,['икономист'],"['английски', 'руски', 'италиански']",[],Калоян,Тонев,Икономов,1978-02-05T00:00:00.000Z,,бизнес администрация,,61aa175e28e58401d44d27aa,61aa179dd17ed11f18a07b0d,зам.-председател на ПГ,,61aa179dd17ed11f18a07b0d,Продължаваме промяната,#5dbf1d,/logos/produlzhavame-promianata.png,0,67.0
179,[],[],[],Снежана,Великова,Апостолова,1972-09-08T00:00:00.000Z,,,,61aa175e28e58401d44d27b0,61aa179dd17ed11f18a07b0d,секретар на ПГ,,61aa179dd17ed11f18a07b0d,Продължаваме промяната,#5dbf1d,/logos/produlzhavame-promianata.png,0,67.0
180,['треньор по шахмат'],['английски'],[],Цвета,Тодорова,Галунова,1995-08-04T00:00:00.000Z,,"психология, медии и пи ар комуникации",,61aa175e28e58401d44d27ba,61aa179dd17ed11f18a07b11,член,,61aa179dd17ed11f18a07b11,Възраждане,#c09f62,/logos/vazrazhdane.jpg,-3,13.0
181,['архитект'],"['английски', 'немски']",[],Йордан,Ивов,Терзийски,1984-02-07T00:00:00.000Z,,архитектура,,61aa175e28e58401d44d27c8,61aa179dd17ed11f18a07b0d,член,,61aa179dd17ed11f18a07b0d,Продължаваме промяната,#5dbf1d,/logos/produlzhavame-promianata.png,0,67.0
182,['юрист'],[],[],Милен,Илиев,Матеев,1970-01-15T00:00:00.000Z,,право,,61aa175e28e58401d44d27ce,61aa179dd17ed11f18a07b0d,член,,61aa179dd17ed11f18a07b0d,Продължаваме промяната,#5dbf1d,/logos/produlzhavame-promianata.png,0,67.0
183,[],[],[],Петър,Любенов,Миланов,1958-04-28T00:00:00.000Z,,,,61aa175e28e58401d44d27dd,61aa179dd17ed11f18a07b0d,член,,61aa179dd17ed11f18a07b0d,Продължаваме промяната,#5dbf1d,/logos/produlzhavame-promianata.png,0,67.0
184,['предприемач'],['руски'],[],Даниел,Петров,Петров,1980-04-26T00:00:00.000Z,,икономика,,61aa175f28e58401d44d27f3,61aa179dd17ed11f18a07b11,член,,61aa179dd17ed11f18a07b11,Възраждане,#c09f62,/logos/vazrazhdane.jpg,-3,13.0
185,[],['турски'],[],Юсеин,Хасанов,Вейселов,1993-12-16T00:00:00.000Z,,медицинска рехабилитация,,61aa175f28e58401d44d27fd,61aa179dd17ed11f18a07b10,член,,61aa179dd17ed11f18a07b10,Движение за права и свободи,#884ac2,/logos/dps.png,2,34.0
186,['икономист'],"['английски', 'френски', 'руски', 'японски']",[],Яна,Веселинова,Балникова,1980-08-01T00:00:00.000Z,,"бизнес администрация, японистика",,61aa175f28e58401d44d2803,61aa179dd17ed11f18a07b0d,зам.-председател на ПГ,,61aa179dd17ed11f18a07b0d,Продължаваме промяната,#5dbf1d,/logos/produlzhavame-promianata.png,0,67.0
187,['специалист по здравни грижи'],[],[],Галина,Събева,Георгиева,1974-08-16T00:00:00.000Z,,медицинска сестра,,61aa175f28e58401d44d2811,61aa179dd17ed11f18a07b0d,член,,61aa179dd17ed11f18a07b0d,Продължаваме промяната,#5dbf1d,/logos/produlzhavame-promianata.png,0,67.0
188,[],[],[],Снежанка,Райчова,Траянска,1973-04-01T00:00:00.000Z,,,,61aa175f28e58401d44d282c,61aa179dd17ed11f18a07b0f,член,,61aa179dd17ed11f18a07b0f,Има такъв народ,#f4cf40,/logos/ima-takuv-narod.png,-1,25.0
189,['икономист'],['английски'],[],Искрен,Цветославов,Арабаджиев,1991-07-14T00:00:00.000Z,,"икономика, счетоводство и контрол",,61aa175f28e58401d44d283f,61aa179dd17ed11f18a07b0d,член,,61aa179dd17ed11f18a07b0d,Продължаваме промяната,#5dbf1d,/logos/produlzhavame-promianata.png,0,67.0
190,['предприемач'],"['английски', 'френски', 'испански', 'румънски']",[],Инна,Владимирова,Иванова,1983-06-23T00:00:00.000Z,,бизнес администрация,,61aa175f28e58401d44d284d,61aa179dd17ed11f18a07b0d,член,,61aa179dd17ed11f18a07b0d,Продължаваме промяната,#5dbf1d,/logos/produlzhavame-promianata.png,0,67.0
191,['мениджър'],['английски'],[],Стоян,Николов,Таслаков,1987-03-25T00:00:00.000Z,,"бизнес администрация, публична администрация",,61aa175f28e58401d44d2853,61aa179dd17ed11f18a07b11,член,,61aa179dd17ed11f18a07b11,Възраждане,#c09f62,/logos/vazrazhdane.jpg,-3,13.0
192,['икономист'],[],[],Небие,Исмет,Кабак,1997-03-16T00:00:00.000Z,,финансов контрол и финансов мениджър,,61aa175f28e58401d44d2862,61aa179dd17ed11f18a07b10,член,,61aa179dd17ed11f18a07b10,Движение за права и свободи,#884ac2,/logos/dps.png,2,34.0
193,"['юрист', 'икономист']","['английски', 'немски']",[],Петър,Николаев,Куленски,1986-01-24T00:00:00.000Z,,право,,61aa175f28e58401d44d2868,61aa179dd17ed11f18a07b0d,член,,61aa179dd17ed11f18a07b0d,Продължаваме промяната,#5dbf1d,/logos/produlzhavame-promianata.png,0,67.0
194,"['юрист', 'икономист']","['английски', 'немски']",[],Петър,Николаев,Куленски,1986-01-24T00:00:00.000Z,,право,,61aa175f28e58401d44d2868,61aa179dd17ed11f18a07b0d,зам.-председател на ПГ,,61aa179dd17ed11f18a07b0d,Продължаваме промяната,#5dbf1d,/logos/produlzhavame-promianata.png,0,67.0
195,['юрист'],"['английски', 'френски', 'гръцки']",[],Александър,Несторов,Несторов,1988-11-26T00:00:00.000Z,,"финанси, право, противодействие на корупцията",,61aa175f28e58401d44d2873,61aa179dd17ed11f18a07b10,член,,61aa179dd17ed11f18a07b10,Движение за права и свободи,#884ac2,/logos/dps.png,2,34.0
196,"['преподавател', 'урбанист']","['английски', 'френски']",[],Юлия,Борисова,Иванова,1990-03-06T00:00:00.000Z,,урбанизъм,,61aa175f28e58401d44d2879,61aa179dd17ed11f18a07b0d,член,,61aa179dd17ed11f18a07b0d,Продължаваме промяната,#5dbf1d,/logos/produlzhavame-promianata.png,0,67.0
197,['юрист'],['английски'],[],Десислава,Цветанчова,Трифонова,1985-11-07T00:00:00.000Z,,право,,61aa175f28e58401d44d288c,61aa179dd17ed11f18a07b0b,член,,61aa179dd17ed11f18a07b0b,ГЕРБ-СДС,#67a4d6,/logos/gerb-sds.jpg,1,59.0
198,['икономист'],"['английски', 'руски']",[],Марио,Киров,Рангелов,1975-03-29T00:00:00.000Z,,публична администрация,,61aa175f28e58401d44d2892,61aa179dd17ed11f18a07b10,член,,61aa179dd17ed11f18a07b10,Движение за права и свободи,#884ac2,/logos/dps.png,2,34.0
199,['икономист'],['английски'],[],Иван,Маркос,Христанов,1973-12-24T00:00:00.000Z,,аграрна икономика,,61aa175f28e58401d44d289c,61aa179dd17ed11f18a07b0d,член,,61aa179dd17ed11f18a07b0d,Продължаваме промяната,#5dbf1d,/logos/produlzhavame-promianata.png,0,67.0
200,"['IT експерт', 'икономист']",['английски'],[],Стоил,Мирославов,Стоилов,1992-05-04T00:00:00.000Z,,"бизнес администрация, компютърни науки",,61aa175f28e58401d44d28a2,61aa179dd17ed11f18a07b0d,член,,61aa179dd17ed11f18a07b0d,Продължаваме промяната,#5dbf1d,/logos/produlzhavame-promianata.png,0,67.0
201,['юрист'],[],[],Елена,Цонева,Гунчева,1971-01-07T00:00:00.000Z,,право,,61aa175f28e58401d44d28ac,61aa179dd17ed11f18a07b11,член,,61aa179dd17ed11f18a07b11,Възраждане,#c09f62,/logos/vazrazhdane.jpg,-3,13.0
202,"['икономист', 'мениджър']",['английски'],[],Александър,Николаев,Ракшиев,1988-08-19T00:00:00.000Z,,бизнес администрация,,61aa175f28e58401d44d28c2,61aa179dd17ed11f18a07b0d,член,,61aa179dd17ed11f18a07b0d,Продължаваме промяната,#5dbf1d,/logos/produlzhavame-promianata.png,0,67.0
203,['програмист'],['английски'],[],Йордан,Янков,Маджунков,1987-10-08T00:00:00.000Z,,физика,,61aa175f28e58401d44d28c8,61aa179dd17ed11f18a07b0d,член,,61aa179dd17ed11f18a07b0d,Продължаваме промяната,#5dbf1d,/logos/produlzhavame-promianata.png,0,67.0
204,[],[],[],Кирил,Петков,Петков,1980-04-17T00:00:00.000Z,,,,61aa175f28e58401d44d28ce,61aa179dd17ed11f18a07b0d,член,,61aa179dd17ed11f18a07b0d,Продължаваме промяната,#5dbf1d,/logos/produlzhavame-promianata.png,0,67.0
205,['ветеринарен лекар'],"['английски', 'руски']",[],Христо,Йорданов,Даскалов,1959-12-13T00:00:00.000Z,,ветеринарна медицина,,61aa175f28e58401d44d28d4,61aa179dd17ed11f18a07b0d,член,,61aa179dd17ed11f18a07b0d,Продължаваме промяната,#5dbf1d,/logos/produlzhavame-promianata.png,0,67.0
206,['юрист'],['английски'],[],Ангел,Жеков,Георгиев,1988-04-08T00:00:00.000Z,,право,,61aa175f28e58401d44d28e2,61aa179dd17ed11f18a07b11,член,,61aa179dd17ed11f18a07b11,Възраждане,#c09f62,/logos/vazrazhdane.jpg,-3,13.0
207,['лекар'],"['английски', 'френски', 'руски']",[],Иван,Йовков,Червенков,1962-10-23T00:00:00.000Z,,"медицина, здравен мениджмънт, публична администрация",,61aa175f28e58401d44d28ec,61aa179dd17ed11f18a07b0b,член,,61aa179dd17ed11f18a07b0b,ГЕРБ-СДС,#67a4d6,/logos/gerb-sds.jpg,1,59.0
208,['културолог'],"['английски', 'френски']",[],Гергана,Кузманова,Данева,1989-04-04T00:00:00.000Z,,"културология, мениджмънт на културното наследство, публичен мениджмънт",,61aa175f28e58401d44d28fa,61aa179dd17ed11f18a07b0d,член,,61aa179dd17ed11f18a07b0d,Продължаваме промяната,#5dbf1d,/logos/produlzhavame-promianata.png,0,67.0
209,['юрист'],['английски'],[],Стою,Теодоров,Стоев,1992-11-11T00:00:00.000Z,,право,,61aa175f28e58401d44d2900,61aa179dd17ed11f18a07b0d,член,,61aa179dd17ed11f18a07b0d,Продължаваме промяната,#5dbf1d,/logos/produlzhavame-promianata.png,0,67.0
210,['икономист'],"['английски', 'руски', 'турски']",[],Ализан,Нихат,Яхова,1973-06-11T00:00:00.000Z,,"финанси, публична администрация",,61aa175f28e58401d44d2916,61aa179dd17ed11f18a07b10,член,,61aa179dd17ed11f18a07b10,Движение за права и свободи,#884ac2,/logos/dps.png,2,34.0
211,['програмист'],"['английски', 'немски']",[],Велико,Митков,Минков,1991-07-20T00:00:00.000Z,,,,61aa175f28e58401d44d2920,61aa179dd17ed11f18a07b0d,член,,61aa179dd17ed11f18a07b0d,Продължаваме промяната,#5dbf1d,/logos/produlzhavame-promianata.png,0,67.0
212,['юрист'],['руски'],[],Рена,Енчева,Стефанова,1966-01-01T00:00:00.000Z,,право,,61aa175f28e58401d44d2926,61aa179dd17ed11f18a07b0d,член,,61aa179dd17ed11f18a07b0d,Продължаваме промяната,#5dbf1d,/logos/produlzhavame-promianata.png,0,67.0
213,['инженер'],['руски'],[],Ивелин,Статев,Иванов,1970-12-16T00:00:00.000Z,,свързочни войски,,61aa175f28e58401d44d292c,61aa179dd17ed11f18a07b0b,член,,61aa179dd17ed11f18a07b0b,ГЕРБ-СДС,#67a4d6,/logos/gerb-sds.jpg,1,59.0
214,['инженер'],"['английски', 'руски']",[],Стоян,Иванов,Георгиев,1959-04-03T00:00:00.000Z,,"летец БГА, индустриален мениджмънт",,61aa175f28e58401d44d2936,61aa179dd17ed11f18a07b0d,член,,61aa179dd17ed11f18a07b0d,Продължаваме промяната,#5dbf1d,/logos/produlzhavame-promianata.png,0,67.0
215,"['еколог', 'биолог']",['английски'],[],Татяна,Славова,Султанова-Сивева,1976-02-03T00:00:00.000Z,,"биоразнообразие, екология и консервация, биология - генетика и микробиология",,61aa175f28e58401d44d2944,61aa179dd17ed11f18a07b0d,член,,61aa179dd17ed11f18a07b0d,Продължаваме промяната,#5dbf1d,/logos/produlzhavame-promianata.png,0,67.0
216,['предприемач'],['английски'],[],Михал,Григоров,Камбарев,1989-03-17T00:00:00.000Z,,връзки с обществеността,,61aa175f28e58401d44d2952,61aa179dd17ed11f18a07b0d,член,,61aa179dd17ed11f18a07b0d,Продължаваме промяната,#5dbf1d,/logos/produlzhavame-promianata.png,0,67.0
217,['лекар'],"['английски', 'руски']",[],Асен,Георгиев,Балтов,1966-09-19T00:00:00.000Z,,"медицина, здравен мениджмънт",,61aa175f28e58401d44d295c,61aa179dd17ed11f18a07b0b,член,,61aa179dd17ed11f18a07b0b,ГЕРБ-СДС,#67a4d6,/logos/gerb-sds.jpg,1,59.0
218,['икономист'],"['английски', 'френски', 'руски']",[],Борислав,Антониев,Антонов,1986-04-11T00:00:00.000Z,,икономика,,61aa175f28e58401d44d296f,61aa179dd17ed11f18a07b0d,член,,61aa179dd17ed11f18a07b0d,Продължаваме промяната,#5dbf1d,/logos/produlzhavame-promianata.png,0,67.0
219,['юрист'],['английски'],[],Васил,Стефанов,Стефанов,1993-11-26T00:00:00.000Z,,право,,61aa175f28e58401d44d2975,61aa179dd17ed11f18a07b0d,член,,61aa179dd17ed11f18a07b0d,Продължаваме промяната,#5dbf1d,/logos/produlzhavame-promianata.png,0,67.0
220,['икономист'],['английски'],[],Виктор,Гасан,Насър,1986-09-26T00:00:00.000Z,,бизнес администрация,,61aa175f28e58401d44d297b,61aa179dd17ed11f18a07b0d,член,,61aa179dd17ed11f18a07b0d,Продължаваме промяната,#5dbf1d,/logos/produlzhavame-promianata.png,0,67.0
221,[],[],[],Петър,Николаев,Петров,1983-03-14T00:00:00.000Z,,,,61aa175f28e58401d44d2989,61aa179dd17ed11f18a07b11,зам.-председател на ПГ,,61aa179dd17ed11f18a07b11,Възраждане,#c09f62,/logos/vazrazhdane.jpg,-3,13.0
222,[],[],[],Мирослава,Петрова,Петрова,1973-02-19T00:00:00.000Z,,,,61aa175f28e58401d44d299b,61aa179dd17ed11f18a07b0d,член,,61aa179dd17ed11f18a07b0d,Продължаваме промяната,#5dbf1d,/logos/produlzhavame-promianata.png,0,67.0
223,"['икономист', 'финансист']",['английски'],[],Радостина,Александрова,Ценова,1985-01-08T00:00:00.000Z,,финанси,,61aa175f28e58401d44d29a1,61aa179dd17ed11f18a07b0d,член,,61aa179dd17ed11f18a07b0d,Продължаваме промяната,#5dbf1d,/logos/produlzhavame-promianata.png,0,67.0
224,['икономист'],"['английски', 'руски']",[],Венеция,Огнянова,Нецова-Ангова,1989-12-01T00:00:00.000Z,,МИО,,61aa175f28e58401d44d29bb,61aa179dd17ed11f18a07b0d,член,,61aa179dd17ed11f18a07b0d,Продължаваме промяната,#5dbf1d,/logos/produlzhavame-promianata.png,0,67.0
225,['икономист'],"['английски', 'френски', 'испански']",[],Калина,Бориславова,Константинова,1984-05-18T00:00:00.000Z,,икономическо развитие,,61aa175f28e58401d44d29c1,61aa179dd17ed11f18a07b0d,член,,61aa179dd17ed11f18a07b0d,Продължаваме промяната,#5dbf1d,/logos/produlzhavame-promianata.png,0,67.0
226,['артист-изпълнител'],"['английски', 'гръцки']",[],Христо,Христов,Петров,1979-12-19T00:00:00.000Z,,,,61aa175f28e58401d44d29c7,61aa179dd17ed11f18a07b0d,член,,61aa179dd17ed11f18a07b0d,Продължаваме промяната,#5dbf1d,/logos/produlzhavame-promianata.png,0,67.0
227,['преподавател'],"['английски', 'немски']",[],Цветелина,Калинова,Симеонова-Заркин,1981-07-29T00:00:00.000Z,,стратегическо управление,,61aa175f28e58401d44d29cd,61aa179dd17ed11f18a07b0d,член,,61aa179dd17ed11f18a07b0d,Продължаваме промяната,#5dbf1d,/logos/produlzhavame-promianata.png,0,67.0
228,[],[],[],Божидар,Пламенов,Божанов,1987-08-19T00:00:00.000Z,,,,61aa175f28e58401d44d29df,61aa179dd17ed11f18a07b0c,член,,61aa179dd17ed11f18a07b0c,Демократична България,#27497d,/logos/demokratichna-bulgaria.png,-2,16.0
229,['инженер'],"['английски', 'немски', 'нидерландски']",[],Александър,Димитров,Дунчев,1979-07-13T00:00:00.000Z,,горско стопанство,,61aa175f28e58401d44d29ed,61aa179dd17ed11f18a07b0d,член,,61aa179dd17ed11f18a07b0d,Продължаваме промяната,#5dbf1d,/logos/produlzhavame-promianata.png,0,67.0
230,['преподавател'],"['английски', 'руски']",[],Юрий,Олегов,Козлов,1955-04-12T00:00:00.000Z,,руска филология,,61aa175f28e58401d44d29f3,61aa179dd17ed11f18a07b0d,член,,61aa179dd17ed11f18a07b0d,Продължаваме промяната,#5dbf1d,/logos/produlzhavame-promianata.png,0,67.0
231,['специалист по връзки с обществеността'],"['английски', 'руски']",[],Искра,Михайлова,Михайлова,1982-09-29T00:00:00.000Z,,връзки с обществеността,,61aa175f28e58401d44d29fa,61aa179dd17ed11f18a07b11,член,,61aa179dd17ed11f18a07b11,Възраждане,#c09f62,/logos/vazrazhdane.jpg,-3,13.0
232,['икономист'],"['английски', 'испански']",[],Атанас,Димитров,Михнев,1991-08-23T00:00:00.000Z,,"икономика, международни отношения, духовност, държавност, лидерство",,61aa175f28e58401d44d2a19,61aa179dd17ed11f18a07b0d,член,,61aa179dd17ed11f18a07b0d,Продължаваме промяната,#5dbf1d,/logos/produlzhavame-promianata.png,0,67.0
233,['икономист'],"['английски', 'немски']",[],Радослав,Стефанов,Рибарски,1983-06-27T00:00:00.000Z,,МИО,,61aa175f28e58401d44d2a1f,61aa179dd17ed11f18a07b0d,член,,61aa179dd17ed11f18a07b0d,Продължаваме промяната,#5dbf1d,/logos/produlzhavame-promianata.png,0,67.0
234,['експерт-управление на кибер риск'],"['английски', 'немски', 'руски', 'испански']",[],Александра,Стефанова,Милчева,1988-07-23T00:00:00.000Z,,"европейсктика, Politics, security and international, Public policy",,61aa175f28e58401d44d2a31,61aa179dd17ed11f18a07b0d,член,,61aa179dd17ed11f18a07b0d,Продължаваме промяната,#5dbf1d,/logos/produlzhavame-promianata.png,0,67.0
235,"['икономист', 'психолог']",['английски'],[],Мюмюн,Сали,Мюмюн,1983-11-20T00:00:00.000Z,,"икономика на индустрията, маркетинг, психология",,61aa175f28e58401d44d2a43,61aa179dd17ed11f18a07b10,член,,61aa179dd17ed11f18a07b10,Движение за права и свободи,#884ac2,/logos/dps.png,2,34.0
236,[],[],[],Асен,Васков,Василев,1977-09-09T00:00:00.000Z,,,,61aa175f28e58401d44d2a4e,61aa179dd17ed11f18a07b0d,член,,61aa179dd17ed11f18a07b0d,Продължаваме промяната,#5dbf1d,/logos/produlzhavame-promianata.png,0,67.0
237,[],[],[],Атанас,Петров,Атанасов,1990-04-03T00:00:00.000Z,,,,61aa175f28e58401d44d2a55,61aa179dd17ed11f18a07b0d,член,,61aa179dd17ed11f18a07b0d,Продължаваме промяната,#5dbf1d,/logos/produlzhavame-promianata.png,0,67.0
238,['инженер'],[],[],Никола,Ангелов,Димитров,1990-11-17T00:00:00.000Z,,комуникационна техника и технологии,,61aa175f28e58401d44d2a71,61aa179dd17ed11f18a07b11,член,,61aa179dd17ed11f18a07b11,Възраждане,#c09f62,/logos/vazrazhdane.jpg,-3,13.0
239,[],[],[],Мирослав,Николаев,Иванов,1986-06-01T00:00:00.000Z,,,,61aa175f28e58401d44d2a77,61aa179dd17ed11f18a07b0d,член,,61aa179dd17ed11f18a07b0d,Продължаваме промяната,#5dbf1d,/logos/produlzhavame-promianata.png,0,67.0
240,"['инженер', 'мениджър', 'предприемач']","['английски', 'немски']",[],Деница,Димитрова,Симеонова,1992-05-04T00:00:00.000Z,,"електронно управление, индустриално инженерство",,61aa175f28e58401d44d2a87,61aa179dd17ed11f18a07b0d,член,,61aa179dd17ed11f18a07b0d,Продължаваме промяната,#5dbf1d,/logos/produlzhavame-promianata.png,0,67.0
241,"['фармацевт', 'мениджър']",['английски'],[],Йорданка,Яникова,Костадинова,1977-11-27T00:00:00.000Z,,фармация,,61aa175f28e58401d44d2a8d,61aa179dd17ed11f18a07b0d,член,,61aa179dd17ed11f18a07b0d,Продължаваме промяната,#5dbf1d,/logos/produlzhavame-promianata.png,0,67.0
242,"['икономист', 'IT експерт']",['английски'],[],Георги,Николаев,Стамов,1983-08-15T00:00:00.000Z,,финансов контрол,,61aa175f28e58401d44d2a98,61aa179dd17ed11f18a07b0d,член,,61aa179dd17ed11f18a07b0d,Продължаваме промяната,#5dbf1d,/logos/produlzhavame-promianata.png,0,67.0
243,['икономист'],"['английски', 'руски', 'испански']",[],Ивайло,Валентинов,Шотев,1987-03-28T00:00:00.000Z,,"economics and business with EES, политика и икономика в Евразия",,61aa176028e58401d44d2aaa,61aa179dd17ed11f18a07b0d,член,,61aa179dd17ed11f18a07b0d,Продължаваме промяната,#5dbf1d,/logos/produlzhavame-promianata.png,0,67.0
244,"['икономист', 'предприемач']",['руски'],[],Марин,Шишев,Шишев,1970-04-13T00:00:00.000Z,,финанси,,61aa176028e58401d44d2ab4,61aa179dd17ed11f18a07b0d,член,,61aa179dd17ed11f18a07b0d,Продължаваме промяната,#5dbf1d,/logos/produlzhavame-promianata.png,0,67.0
245,"['преподавател', 'инженер']",['руски'],[],Михаил,Петков,Илиев,1955-02-07T00:00:00.000Z,,изчислителна техника,,61aa176028e58401d44d2aba,61aa179dd17ed11f18a07b0b,член,,61aa179dd17ed11f18a07b0b,ГЕРБ-СДС,#67a4d6,/logos/gerb-sds.jpg,1,59.0
246,"['инженер', 'икономист']",['английски'],[],Николай,Йорданов,Събев,1960-09-24T00:00:00.000Z,,,,61aa176028e58401d44d2ac0,61aa179dd17ed11f18a07b0d,член,,61aa179dd17ed11f18a07b0d,Продължаваме промяната,#5dbf1d,/logos/produlzhavame-promianata.png,0,67.0
247,['инженер'],"['английски', 'руски']",[],Георги,Йорданов,Гвоздейков,1976-06-16T00:00:00.000Z,,авиационен инженер,,61aa176028e58401d44d2ace,61aa179dd17ed11f18a07b0d,член,,61aa179dd17ed11f18a07b0d,Продължаваме промяната,#5dbf1d,/logos/produlzhavame-promianata.png,0,67.0
248,[],[],[],Зарко,Филипов,Маринов,1964-05-26T00:00:00.000Z,,,,61aa176028e58401d44d2ad4,61aa179dd17ed11f18a07b0c,член,,61aa179dd17ed11f18a07b0c,Демократична България,#27497d,/logos/demokratichna-bulgaria.png,-2,16.0
249,['икономист'],['английски'],[],Венко,Николов,Сабрутев,1984-08-06T00:00:00.000Z,,"маркетинг, управление на международни проекти",,61aa176028e58401d44d2ae7,61aa179dd17ed11f18a07b0d,член,,61aa179dd17ed11f18a07b0d,Продължаваме промяната,#5dbf1d,/logos/produlzhavame-promianata.png,0,67.0
250,"['икономист', 'предприемач']","['английски', 'немски']",[],Пламен,Петров,Шалъфов,1988-03-03T00:00:00.000Z,,стопанско управление,,61aa176028e58401d44d2aed,61aa179dd17ed11f18a07b0d,член,,61aa179dd17ed11f18a07b0d,Продължаваме промяната,#5dbf1d,/logos/produlzhavame-promianata.png,0,67.0
251,['юрист'],"['английски', 'немски']",[],Никола,Георгиев,Минчев,1987-09-13T00:00:00.000Z,,,,61aa176028e58401d44d2afc,61aa179dd17ed11f18a07b0d,член,,61aa179dd17ed11f18a07b0d,Продължаваме промяната,#5dbf1d,/logos/produlzhavame-promianata.png,0,67.0
252,['икономист'],['английски'],[],Иво,Георгиев,Русчев,1978-11-27T00:00:00.000Z,,икономика на търговията,,61aa176028e58401d44d2b03,61aa179dd17ed11f18a07b11,член,,61aa179dd17ed11f18a07b11,Възраждане,#c09f62,/logos/vazrazhdane.jpg,-3,13.0
253,['инженер'],"['английски', 'руски']",[],Момчил,Донев,Ненов,1980-01-11T00:00:00.000Z,,медицина,,61bca73181da943f002e2714,61aa179dd17ed11f18a07b0e,член,,61aa179dd17ed11f18a07b0e,БСП за България,#d8191f,/logos/bsp2021.png,3,26.0
254,['юрист'],"['английски', 'немски']",[],Иван,Валентинов,Ганчев,1989-04-12T00:00:00.000Z,,право,,61bca73181da943f002e2720,61aa179dd17ed11f18a07b0e,член,,61aa179dd17ed11f18a07b0e,БСП за България,#d8191f,/logos/bsp2021.png,3,26.0
255,[],[],[],Васил,Петров,Зашкев,1972-01-27T00:00:00.000Z,,,,61bca73181da943f002e2727,61aa179dd17ed11f18a07b0c,член,,61aa179dd17ed11f18a07b0c,Демократична България,#27497d,/logos/demokratichna-bulgaria.png,-2,16.0
256,['инженер'],['английски'],[],Венцислав,Иванов,Петков,1985-12-16T00:00:00.000Z,,ДПМ,,61bca73181da943f002e272e,61aa179dd17ed11f18a07b0f,член,,61aa179dd17ed11f18a07b0f,Има такъв народ,#f4cf40,/logos/ima-takuv-narod.png,-1,25.0
257,[],[],[],Калин,Ивайлов,Иванов,1987-05-25T00:00:00.000Z,,,,61bca73181da943f002e2735,61aa179dd17ed11f18a07b0d,член,,61aa179dd17ed11f18a07b0d,Продължаваме промяната,#5dbf1d,/logos/produlzhavame-promianata.png,0,67.0
258,[],[],[],Илин,Павлинов,Димитров,1983-09-11T00:00:00.000Z,,,,61bca73181da943f002e273c,61aa179dd17ed11f18a07b0d,член,,61aa179dd17ed11f18a07b0d,Продължаваме промяната,#5dbf1d,/logos/produlzhavame-promianata.png,0,67.0
259,['изследовател'],"['английски', 'гръцки']",[],Александра,Валентинова,Корчева,1992-02-16T00:00:00.000Z,,МИО,,61bca73181da943f002e2743,61aa179dd17ed11f18a07b0d,член,,61aa179dd17ed11f18a07b0d,Продължаваме промяната,#5dbf1d,/logos/produlzhavame-promianata.png,0,67.0
260,[],[],[],Венцислава,Милчова,Любенова,1978-08-28T00:00:00.000Z,,,,61bca73181da943f002e274a,61aa179dd17ed11f18a07b0d,член,,61aa179dd17ed11f18a07b0d,Продължаваме промяната,#5dbf1d,/logos/produlzhavame-promianata.png,0,67.0
261,[],[],[],Младен,Тодоров,Запрянов,1972-11-08T00:00:00.000Z,,,,61bca73181da943f002e2758,61aa179dd17ed11f18a07b0d,член,,61aa179dd17ed11f18a07b0d,Продължаваме промяната,#5dbf1d,/logos/produlzhavame-promianata.png,0,67.0
262,['икономист'],['руски'],[],Богомил,Иванов,Петков,1966-10-04T00:00:00.000Z,,"социално икономическа информатика, морал и право",,61bca73181da943f002e275f,61aa179dd17ed11f18a07b0d,член,,61aa179dd17ed11f18a07b0d,Продължаваме промяната,#5dbf1d,/logos/produlzhavame-promianata.png,0,67.0
263,[],[],[],Димитър,Колев,Гочев,1988-02-10T00:00:00.000Z,,,,61d1c3e0bbc39110c7d09573,61aa179dd17ed11f18a07b0d,член,,61aa179dd17ed11f18a07b0d,Продължаваме промяната,#5dbf1d,/logos/produlzhavame-promianata.png,0,67.0
264,"['инженер', 'икономист']",['английски'],[],Николай,Георгиев,Ангов,1989-07-04T00:00:00.000Z,,индустриално инженерство,,61d1c3e0bbc39110c7d0957a,61aa179dd17ed11f18a07b0d,член,,61aa179dd17ed11f18a07b0d,Продължаваме промяната,#5dbf1d,/logos/produlzhavame-promianata.png,0,67.0
265,['икономист'],"['английски', 'руски']",[],Иван,Косев,Манев,1974-02-12T00:00:00.000Z,,маркетинг,,61d1c3e0bbc39110c7d09581,61aa179dd17ed11f18a07b0d,член,,61aa179dd17ed11f18a07b0d,Продължаваме промяната,#5dbf1d,/logos/produlzhavame-promianata.png,0,67.0
266,['юрист'],['английски'],[],Петър,Василев,Кьосев,1989-02-01T00:00:00.000Z,,право,,61d1c3e0bbc39110c7d09588,61aa179dd17ed11f18a07b0d,член,,61aa179dd17ed11f18a07b0d,Продължаваме промяната,#5dbf1d,/logos/produlzhavame-promianata.png,0,67.0
267,['инженер'],['английски'],[],Лозко,Стефанов,Лозев,1990-03-14T00:00:00.000Z,,ВиК,,61d1c3e0bbc39110c7d0958f,61aa179dd17ed11f18a07b0d,член,,61aa179dd17ed11f18a07b0d,Продължаваме промяната,#5dbf1d,/logos/produlzhavame-promianata.png,0,67.0
268,['икономист'],"['английски', 'немски', 'руски']",[],Димитър,Данаилов,Недялков,1979-08-14T00:00:00.000Z,,,,61d1c3e0bbc39110c7d09597,61aa179dd17ed11f18a07b0d,член,,61aa179dd17ed11f18a07b0d,Продължаваме промяната,#5dbf1d,/logos/produlzhavame-promianata.png,0,67.0
269,[],[],[],Деян,Петев,Петков,1988-11-15T00:00:00.000Z,,,,6200da9f4f21d719222f510a,62ac54683fdc47f0a912fced,член,,62ac54683fdc47f0a912fced,Независими,,,-6,
270,[],[],[],Деян,Петев,Петков,1988-11-15T00:00:00.000Z,,,,6200da9f4f21d719222f510a,61aa179dd17ed11f18a07b0f,член,,61aa179dd17ed11f18a07b0f,Има такъв народ,#f4cf40,/logos/ima-takuv-narod.png,-1,25.0
271,[],[],[],Христинка,Илийчева,Иванова,1973-06-09T00:00:00.000Z,,,,62362882df833f7657432168,61aa179dd17ed11f18a07b0f,член,,61aa179dd17ed11f18a07b0f,Има такъв народ,#f4cf40,/logos/ima-takuv-narod.png,-1,25.0
